{
  "result": [
    {
      "column_id": "7c489b6746fe4329aa8c869f4c13fab5",
      "card_list": [
        {
          "id": "4634045604195569664", 
          "subject": "任务已ready,准备启动开发的任务",
          "board": { 
            "id": "1661625c5f72471a81979482ab148066",
            "name": "开发"
          },
          "column": {
            "id": "7c489b6746fe4329aa8c869f4c13fab5",
            "name": "就绪",
            "type": "READY",
            "deleted": false
          },
          "card_type": { 
            "color": "#6CBFFF",
            "name": "任务",
            "icon": "icon-op-task",
            "id": "2"
          }
        }
      ]
    }
  ]
}